"Ticker","Date","predictions"
"AAP",2016-11-15,-0.00135161514299591
"AAP",2017-02-21,0.00204757091063526
"AAP",2017-05-24,0.000322382259417914
"AAP",2017-08-15,-0.00230891495052203
"AAP",2017-11-14,-0.00108856530829629
"ABBV",2017-01-27,0.00282978967053304
"ABBV",2017-04-27,0.00360715968136423
"ABBV",2017-07-28,0.00313924344504478
"ABBV",2017-10-27,0.00359866081911422
"ABBV",2018-01-26,0.003011424278501
"ABBV",2018-04-26,0.00482263309238812
"ABMD",2016-10-27,0.00316597101315855
"ABMD",2017-01-26,0.00321239485786125
"ABMD",2018-02-01,-0.000392852002433733
"ABMD",2018-05-03,0.000763814318068906
"ABT",2017-01-25,0.00562844657071894
"ABT",2017-04-19,-0.000860087670034218
"ABT",2017-07-20,0.00322355753499501
"ABT",2017-10-18,0.00419598233373683
"ABT",2018-01-24,0.0028380037607742
"ABT",2018-04-18,-0.000159100045784066
"ADBE",2016-12-15,-0.00190621806791509
"ADBE",2017-03-16,0.000801583355912516
"ADBE",2017-09-19,0.000734564172262878
"ADM",2017-02-07,0.00160095046613586
"ADM",2017-05-02,0.000822736345717875
"ADM",2017-08-01,0.000800648274627239
"ADM",2018-02-06,0.000984310749751624
"ADM",2018-05-01,0.000780741117488035
"ADS",2017-01-26,0.00325366955972256
"ADS",2017-07-20,0.00711505605672362
"ADS",2018-01-25,0.00863706102124663
"AFL",2016-07-29,0.00789994959637025
"AFL",2016-10-28,-0.00399998023131207
"AFL",2017-02-01,0.00302633212314295
"AFL",2017-04-28,-0.00329487500911199
"AFL",2017-07-28,0.00194213106512157
"AKAM",2016-10-25,0.00088451636575998
"AKAM",2017-02-07,0.00666663972541692
"AKAM",2017-05-02,0.00576159267520246
"AKAM",2017-07-25,0.00177175963392437
"AKAM",2017-10-24,0.00291331945467269
"AKAM",2018-02-06,0.00068678395249086
"ALB",2017-02-28,-0.000380051429576991
"ALB",2017-05-04,-0.000652444864940857
"ALB",2017-08-09,0.00272346504229461
"ALB",2018-02-28,0.00264754443612182
"ALL",2017-02-02,0.00515872155940114
"ALL",2017-05-03,0.00463399099078073
"ALL",2017-08-02,0.00467779249352258
"AMD",2017-01-31,-0.00204505975638847
"AMD",2017-05-01,-0.00202180539282223
"AMD",2017-07-25,0.001273810549219
"AMD",2017-10-24,0.000752149257732204
"AMD",2018-01-30,0.0069687348760871
"AMG",2016-08-01,0.00506948367959928
"AMG",2016-10-31,6.01454004341695e-05
"AMG",2017-05-01,0.00140315829271416
"AMG",2018-01-29,-0.00369066620330713
"AMP",2017-02-02,0.00385041030172689
"AMP",2017-04-26,0.00504841403494594
"AMP",2017-10-25,0.00188701463858076
"AON",2017-02-10,0.00145903071824943
"AON",2017-05-09,-0.00115589616356353
"AON",2017-08-04,-0.00232961129067011
"AON",2017-10-27,0.000108348433332434
"AON",2018-02-02,0.00478706733051003
"AON",2018-05-04,0.000214305983615354
"APD",2016-10-27,0.00449258532517216
"APD",2017-01-27,0.0046448772749914
"APD",2017-10-26,0.000612280050566641
"APD",2018-01-26,0.000785926531331776
"APTV",2018-02-01,0.00307664395062271
"ATVI",2017-02-09,-0.000349819494535497
"ATVI",2017-05-04,0.000481387874976175
"ATVI",2017-08-03,0.00218410243239112
"ATVI",2017-11-02,-0.00308545073285715
"AVY",2017-02-01,0.000362188318750678
"AVY",2017-04-27,-0.00113910938234676
"AVY",2017-07-25,0.00122044297592491
"AVY",2018-01-31,-0.000504640045753194
"AZO",2016-12-06,0.00245680750031038
"AZO",2017-09-19,0.00183892059114535
"AZO",2017-12-05,-0.000319863058577341
"AZO",2018-02-27,-0.00324707450429858
"BBY",2016-05-24,-0.00176951548222005
"BBY",2016-08-23,-0.00105380371424209
"BBY",2016-11-17,-0.00533252765176534
"BBY",2017-03-01,0.00231444808782306
"BBY",2017-08-29,-0.00348093813031457
"BLL",2017-02-02,0.00509440225791333
"BLL",2017-05-04,0.00495902353148246
"BLL",2017-08-03,0.00397704389527632
"BLL",2017-11-02,0.0045512827235929
"CBS",2016-07-28,0.000937501030045015
"CBS",2016-11-03,0.00320488175047162
"CBS",2017-02-15,0.00268332463373905
"CBS",2017-05-04,0.000470147765972997
"CBS",2017-08-07,0.000692408597312955
"CMCSA",2017-01-26,0.00433181198015629
"CMCSA",2017-07-27,-0.00226965631768576
"CMCSA",2017-10-26,-0.00449197405221025
"CMCSA",2018-01-24,0.000493165773599175
"CXO",2016-08-03,0.00469771860534571
"CXO",2017-02-22,0.00132540533928534
"CXO",2017-05-04,-0.0002038095248377
"CXO",2017-08-03,0.00397575477880371
"CXO",2017-11-01,0.0022917151097835
"GOOGL",2017-01-26,0.00052863355429883
"GOOGL",2017-04-27,0.000589158668890755
"GOOGL",2017-07-24,-0.00204595763705981
"GOOGL",2018-02-01,-0.0057132359885898
"GOOGL",2018-04-23,-0.00550940911992216
"T",2017-01-25,0.000698966859898162
"T",2017-04-26,0.000716502190755045
"ALK",2017-04-26,0.0044280969819394
"ALK",2017-07-26,-0.000546483250467952
"ALK",2017-10-25,0.0024463230783006
"ALK",2018-01-25,-0.00244987892500624
"ALK",2018-04-23,0.00609381953873168
"AME",2017-02-07,0.00207082549438915
"AME",2017-05-02,-0.00176703511822215
"AME",2017-08-02,-0.00123734765099374
"AME",2018-02-01,0.00167881190617837
"AME",2018-05-02,-0.000964616205396243
"AOS",2017-02-02,0.0056856585676974
"AOS",2017-04-27,0.00176453891594357
"AOS",2017-07-26,0.00326603807806559
"AOS",2017-10-25,0.00524847270847753
"AOS",2018-01-30,0.0011723341916739
"APC",2017-05-03,-0.0013373191625398
"APC",2017-07-25,0.0038551812094542
"APC",2017-11-01,0.00299404560951338
"A",2017-02-14,0.00271092935913987
"A",2017-05-22,0.00220864206610659
"A",2017-08-16,-0.000793866206880767
"A",2017-11-20,-0.0010958036596547
"A",2018-02-14,0.00163781745584039
"CHD",2017-02-07,9.510736841295e-05
"CHD",2017-05-04,0.00287758920870561
"CHD",2017-08-03,0.000926971028838666
"CHD",2017-11-02,0.00269662686805232
"CHD",2018-02-05,0.0013802395800305
"CHD",2018-05-03,0.00211297322560489
"COG",2017-02-24,-0.00374501249083281
"COG",2017-07-28,-0.00114452780266693
"COG",2017-10-27,-0.00149003200388147
"COG",2018-02-23,0.00558651786530098
"COG",2018-04-27,0.00131184373301743
"CORT",2017-01-30,0.00388204968956819
"CORT",2017-05-01,0.00174494262929593
"CORT",2017-08-01,0.00339895175329183
"CORT",2018-02-22,0.00393211759619781
"CORT",2018-05-08,0.00780435196052778
"FTNT",2017-02-02,-0.00267100258909565
"FTNT",2017-04-27,-0.00476769816469592
"FTNT",2017-07-26,-0.0017345669925846
"FTNT",2017-10-26,0.00118452097915132
"FTNT",2018-02-07,-0.00306178224248434
"FTNT",2018-05-03,0.000563843294005537
"LOGM",2017-05-04,0.0013749046814155
"LOGM",2017-07-27,0.00144987640201787
"LOGM",2017-10-26,0.000354626012034787
"LOGM",2018-02-15,-0.00271881264196816
"LOGM",2018-04-26,8.09312207133844e-05
"MAT",2017-01-25,0.0032300570329459
"MAT",2017-04-21,-0.000814455280446338
"MAT",2017-07-27,0.00177529567996208
"MTW",2017-02-02,0.00275563034634345
"MTW",2017-05-09,0.00122940481512138
"MTW",2017-11-07,0.00366913129921753
"MTW",2018-02-09,0.00236368539156068
"PPC",2017-02-09,-0.00128498132968499
"PPC",2017-05-04,0.00113412576277835
"PPC",2017-08-03,-0.00424649247822435
"PPC",2018-02-15,0.0013340797328576
"PPC",2018-05-11,-0.00175516982029256
"TWI",2017-05-04,0.00122617641899715
"TWI",2017-08-03,-0.00163378317152539
"TWI",2017-11-05,0.00174308537261
"TWI",2018-02-23,0.0015842643029501
"TWI",2018-05-04,0.00293362871384739
"XEC",2017-02-16,0.00189633292606081
"XEC",2017-05-10,-0.00121804124835334
"XEC",2017-08-09,0.00385800710891057
"XEC",2017-11-08,0.00414967019440718
"XEC",2018-05-09,0.0023084218497056
"ACN",2017-03-23,0.0037130605002091
"ACN",2017-06-22,0.000114980620767244
"ACN",2017-12-21,-0.00128066777381229
"ACN",2018-03-22,-0.00198612173440323
"ACN",2018-06-28,0.00150600903307339
"AIV",2017-07-29,0.00444010613389002
"AIV",2017-10-27,0.00174764670859111
"AIV",2018-02-02,0.00010857109930501
"AIV",2018-05-08,-0.00280957005998732
"AMT",2017-04-27,0.00350739661470416
"AMT",2017-07-27,-0.000622741788058559
"AMT",2017-10-31,0.00347076861729355
"AMT",2018-02-27,0.0020846552826075
"ARE",2017-05-02,-0.0026288905806103
"ARE",2017-08-01,-0.00109946951826748
"ARE",2018-01-30,-0.000197987482294493
"ARE",2018-05-01,0.00430315972994247
"AVB",2017-04-27,0.00670225962200885
"AVB",2017-08-04,0.00904753645785809
"AVB",2017-10-31,0.00280222304475553
"AVB",2018-02-01,0.00577771001020538
"AVB",2018-04-26,0.00308385009455414
"CF",2017-08-03,0.0121454827958959
"CF",2017-11-02,0.00727069392439682
"CF",2018-05-03,0.00299430746478298
"AEE",2017-05-04,0.00323246455419203
"AEE",2017-11-03,0.00596841085544289
"AEE",2018-02-16,-0.00269703216644426
"AEE",2018-05-09,-0.00109272067059381
"AES",2017-08-08,0.00063337781119481
"AES",2018-02-27,0.000318817027467277
"AWK",2017-08-03,0.00475034478944741
"AWK",2017-11-02,0.00941235844387948
"AWK",2018-02-21,0.000765553672700328
"BXP",2017-04-26,0.00342359362412741
"BXP",2017-08-02,0.00820731070188944
"BXP",2017-11-05,0.00058623389885025
"BXP",2018-04-25,-0.00169026625676809
"CNP",2017-05-05,0.00489643997551238
"CNP",2017-08-04,0.00450571741907492
"CNP",2017-11-03,-0.00487352914446924
"CNP",2018-02-23,0.00285173042745837
"CNP",2018-05-04,0.00103634018940323
"CL",2017-01-27,0.00468167092023745
"CL",2017-04-28,0.00216634427703152
"CL",2017-07-21,0.00322520513173626
"CL",2017-10-27,0.0017101240267061
"CL",2018-01-26,0.000569556538951757
"CL",2018-04-27,0.00618257848484353
"DUK",2017-05-09,-0.00591524331325985
"DUK",2017-08-03,-0.0054616415384649
"DUK",2017-11-03,-0.00210142346294635
"DUK",2018-02-20,0.00235940471151856
"DUK",2018-05-10,-0.00256094799743416
"EIX",2017-05-01,0.0059919778408129
"EIX",2017-07-28,0.00729205455458014
"EIX",2017-10-30,0.00286488333669692
"EIX",2018-02-22,0.00644852414434008
"EIX",2018-05-01,0.0104270374705539
"EL",2017-08-18,0.000405023339952473
"EL",2018-02-02,0.000469463974487813
"KO",2017-02-09,0.00285127023057122
"KO",2017-04-26,0.00464505875684051
"KO",2018-04-24,0.00501152750421568
"ACN",2014-09-24,-0.00206691203916466
"ACN",2015-03-26,-0.000818004481353066
"ACN",2015-06-25,0.00508873458755464
"ACN",2015-09-24,0.00307220716229847
"ACN",2015-12-17,-0.00102321768981625
"ACN",2016-03-24,0.00705552129185096
"ACN",2016-06-23,-0.000825411662472922
"APC",2014-07-30,0.00163048048381921
"APC",2014-10-29,0.00356921025681539
"APC",2015-02-03,0.00209304905265857
"APC",2015-05-05,-0.00183481002165399
"APC",2015-07-29,0.00390166110555086
"APC",2015-10-28,0.000993242321435925
"APC",2016-02-02,0.00259831478769526
"APC",2016-05-03,0.000965846346837523
"CHD",2014-08-01,-0.00361184602948478
"CHD",2014-11-03,0.00136937089348532
"CHD",2015-02-04,-0.00445247007450685
"CHD",2016-02-02,0.0018517890671675
"CHD",2016-05-05,0.00394214534006551
"CHD",2016-08-04,0.0107297347668242
"COG",2014-07-24,-1.57127209568508e-06
"COG",2014-10-24,-0.00158446561586666
"COG",2015-02-20,0.00101301682300288
"COG",2015-04-24,0.00529682719022169
"COG",2015-10-23,0.000708364487940455
"COG",2016-02-19,0.00303448004603192
"COG",2016-04-29,0.00379623939790485
"CORT",2014-08-05,0.00776011961392364
"CORT",2014-11-04,0.00219832831702023
"CORT",2015-01-29,0.00454366558557853
"CORT",2015-05-07,0.00415356866663739
"CORT",2015-08-05,0.000875757969781663
"CORT",2015-11-08,0.00458557649718175
"CORT",2016-01-28,0.00371392625489898
"CORT",2016-05-03,0.000966000086845692
"CORT",2016-08-02,0.00495824719002758
"FTNT",2014-10-22,-0.00211269691427045
"FTNT",2015-01-29,-0.00318532116396683
"FTNT",2015-04-21,-0.00154053018864825
"FTNT",2015-07-23,0.00260337565518065
"FTNT",2015-10-23,-0.00369728539162709
"FTNT",2016-01-29,-0.00151626325750225
"FTNT",2016-07-29,0.00676855253316994
"LOGM",2014-10-23,-0.00454369153307743
"LOGM",2015-02-12,-0.00376815669009373
"LOGM",2015-04-28,-0.00173180872892498
"LOGM",2016-02-11,-0.000222624832361504
"MTW",2014-07-31,0.00481018743530549
"MTW",2015-04-30,0.0044206506708
"MTW",2015-10-29,0.00045389507506835
"MTW",2016-01-29,0.00458128182737379
"MTW",2016-08-09,0.00101625723414991
"PPC",2015-07-30,0.00385538737780451
"PPC",2015-10-29,0.00512842790012996
"PPC",2016-02-11,3.45041721260542e-05
"PPC",2016-04-28,0.00310997097437339
"PPC",2016-07-28,0.00288162815561187
"TWI",2014-10-28,-0.00251031569509656
"TWI",2015-02-26,0.00269291218256254
"TWI",2015-04-30,0.00570673760513585
"TWI",2015-07-30,0.0014879026059738
"TWI",2015-11-06,0.000908101049067869
"TWI",2016-02-25,0.00744505364094664
"TWI",2016-08-04,0.00447353464407262
"AAP",2014-08-14,0.00315622263404822
"AAP",2015-08-13,0.0070807791517537
"AAP",2016-02-11,0.00294975997999254
"AAP",2016-05-19,0.000712517127024179
"ADM",2015-05-05,0.000139423159073074
"ADM",2015-11-03,0.0021896665783271
"ADM",2016-02-02,0.000868333739245331
"ADM",2016-05-03,-5.75659562795788e-05
"ADM",2016-08-02,0.0023146048878694
"ALK",2014-07-24,-0.000678465628030797
"ALK",2014-10-23,0.000681420816335196
"ALK",2015-01-22,-0.000763682875289245
"ALK",2015-04-24,0.00066718703998489
"ALK",2015-07-23,0.00785417249498559
"ALK",2015-10-22,0.00722773546576913
"ALK",2016-01-21,0.00351229162902691
"ALK",2016-04-21,-0.00113427367328249
"AME",2014-08-05,0.00457791679987524
"AME",2014-10-28,0.000141242695960844
"AME",2015-01-28,0.00175697348797156
"AME",2015-04-29,0.00563251459546965
"AME",2015-08-04,0.00664681335501313
"AME",2015-10-27,0.00734487053047254
"AME",2016-04-30,0.00553230860857311
"AME",2016-08-04,0.00585023673260342
"AZO",2014-12-09,-0.00229568781690861
"AZO",2015-03-03,-0.00279714510456316
"AZO",2015-05-26,2.42246255589412e-05
"AZO",2015-09-22,-0.00568555999785365
"AZO",2016-03-01,0.00108833129778833
"AZO",2016-09-22,-0.00236685124235893
"A",2014-08-14,0.00347523254319521
"A",2014-11-18,0.000339010858987951
"A",2015-05-18,0.00337097009909745
"A",2015-11-17,0.00193076712053333
"A",2016-02-16,0.00448081173996723
"A",2016-05-16,-0.00334044166916378
"A",2016-08-17,0.00574622962489559
"BBY",2013-11-19,-0.00491820491032159
"BBY",2014-08-26,0.00108143214105025
"BBY",2014-11-20,-0.00330142874512894
"BBY",2015-03-03,-0.00189554344773084
"BBY",2015-05-21,0.0033273965141144
"BBY",2015-11-19,-0.000577071484243311
"CBS",2014-02-12,0.000754395027319485
"CBS",2014-05-08,0.000890308091721859
"CBS",2014-08-07,-0.00251924867273898
"CBS",2014-11-05,-0.000401266464134506
"CBS",2015-02-12,0.00156492516972034
"CBS",2015-05-07,-0.00226765509658387
"CBS",2015-08-05,0.00432445915236102
"CBS",2016-02-12,0.00258150690432314
"CMCSA",2014-10-23,-0.00140151402552705
"CMCSA",2015-02-24,-0.00488883016786931
"CMCSA",2015-05-04,-0.000897108269408101
"CMCSA",2015-07-23,-0.00217207101706601
"CMCSA",2015-10-27,-0.00360775419114619
"CMCSA",2016-02-03,0.00160127168777821
"CMCSA",2016-04-27,-0.00189109675668137
"CMCSA",2016-07-27,0.00257490273963201
"XEC",2014-08-06,-0.00129001431064925
"XEC",2014-11-05,0.000464290631520925
"XEC",2015-02-18,0.00619740685370375
"XEC",2015-08-05,0.000948549429110643
"XEC",2016-02-17,0.000563355466739385
"XEC",2016-05-05,0.00108713814188494
"XEC",2016-08-04,0.00379756454335525
"ABBV",2014-04-25,0.000890137927803181
"ABBV",2014-10-31,-0.00476486473946713
"ABBV",2015-01-30,0.00378729088463607
"ABBV",2015-04-23,0.00159647748793337
"ABBV",2015-07-24,0.00439566067153435
"ABBV",2015-10-30,0.006996073882857
"ABBV",2016-01-29,0.00712878403699475
"ABBV",2016-04-29,0.00469097019403207
"ABBV",2016-07-29,0.00260552197042699
"ABMD",2013-05-02,0.000355226008717055
"ABMD",2013-08-01,-0.00160159449309683
"ABMD",2013-11-06,0.00131575543311988
"ABMD",2014-05-01,0.00399507718360197
"ABMD",2014-07-31,0.00302776891267921
"ABMD",2014-10-30,-0.00164327293831971
"ABMD",2015-01-28,0.00150424562387487
"ABMD",2015-05-05,-0.000171758326669005
"ABT",2014-07-16,-0.000771915784607516
"ABT",2015-01-29,-0.000987870739642877
"ABT",2015-04-22,0.000638830615111316
"ABT",2015-07-22,0.000854894285562471
"ABT",2015-10-21,0.00324035162180399
"ABT",2016-01-28,0.00624189665181983
"ABT",2016-04-20,-0.000230364832500274
"ABT",2016-07-20,0.00249298279069005
"ADBE",2014-03-18,-0.000986288373781785
"ADBE",2014-09-16,-0.00516212242651459
"ADBE",2015-03-17,-0.000486178675234039
"ADBE",2015-06-16,-0.000451248720720221
"ADBE",2015-09-18,0.00127194857048954
"ADBE",2015-12-10,-0.00252145749107213
"ADBE",2016-03-17,-0.000120063071834667
"ADBE",2016-06-21,-0.000889148421161043
"AFL",2014-02-05,0.000927168086996485
"AFL",2014-10-29,-0.00205780849014001
"AFL",2015-02-04,0.00166570301787389
"AFL",2015-07-29,0.00139279948616976
"AFL",2015-10-28,0.0019050228525066
"ALL",2014-02-06,0.00519936750020607
"ALL",2014-05-07,0.000122099015615634
"ALL",2015-08-04,0.00325610819640242
"ALL",2015-11-03,0.00450353941703517
"ALL",2016-02-04,2.00295083393892e-05
"AMG",2014-02-04,-0.00373231722779577
"AMG",2014-04-29,-0.00137014780984863
"AMG",2014-11-03,0.000960634387056833
"AMG",2015-01-27,-0.00106452279009404
"AMG",2015-04-29,0.00433699817525388
"AMG",2015-07-28,0.00498521474956388
"AMG",2015-11-09,-0.00662550649988153
"AMP",2015-04-23,0.00575596714268267
"AMP",2015-07-23,0.00130431380213712
"AMP",2015-10-22,0.0028443461008629
"AMP",2016-01-28,0.0039944572703464
"AMP",2016-04-28,0.00118269150413546
"AMP",2016-07-27,0.00460091807391944
"AON",2014-07-25,-0.00184460986567445
"AON",2015-02-06,0.00381259754354286
"AON",2015-05-01,-0.000515932673539221
"AON",2015-07-31,0.00106882683436406
"AON",2015-10-30,0.00191490432864189
"AON",2016-02-05,0.00410125611951831
"AON",2016-07-29,0.00239341612654713
"CXO",2014-02-20,0.00175659423209991
"CXO",2014-05-12,0.000749775505408695
"CXO",2014-08-07,0.00118290799493406
"CXO",2015-02-26,0.00674458022201534
"CXO",2015-05-05,0.00662025601537806
"CXO",2015-07-30,0.0054745571008894
"CXO",2015-11-05,0.00263008175101216
"CXO",2016-02-25,0.00640572624232492
"AKAM",2014-07-30,0.00412080574994761
"AKAM",2014-10-29,0.00164712001661492
"AKAM",2015-02-10,-0.00245400713598999
"AKAM",2015-04-28,0.000136716634139708
"AKAM",2015-07-28,0.00215766492343426
"AKAM",2015-10-27,0.00569910245303984
"AKAM",2016-04-26,0.000109680591648953
"ALB",2014-10-23,-0.00164652048335072
"ALB",2015-01-29,-0.000285978497631095
"ALB",2015-05-07,0.00544971939807988
"ALB",2015-08-06,0.00308054515231559
"ALB",2015-11-05,0.00043944712408156
"ALB",2016-05-11,0.000643401897603618
"APD",2014-04-23,0.0066602363120566
"APD",2014-07-23,-0.00249709964015095
"APD",2014-10-30,-0.000903451190602908
"APD",2015-04-30,-0.000823079980298458
"APD",2015-07-30,0.00199235667792902
"APD",2015-10-29,0.00028126625964979
"APD",2016-01-29,-0.00344762588823773
"APD",2016-04-28,-0.00265094700005941
"ARE",2014-11-03,0.0027227784185222
"ARE",2015-02-03,0.000470216732576842
"ARE",2015-04-28,0.00388011107589456
"ARE",2015-07-28,-0.000363342673853351
"ARE",2016-02-02,-0.00180374117443734
"ARE",2016-05-03,-0.00303347144798649
"ARE",2016-08-02,-0.000711395991661007
"AVY",2014-10-24,0.00294034706841093
"AVY",2015-02-02,0.000482705246266008
"AVY",2015-04-29,0.000773761480324209
"AVY",2015-08-02,-0.00200793527899454
"AVY",2015-10-31,0.00221139942053505
"AVY",2016-02-03,0.000285784297381422
"AVY",2016-07-26,0.000260708748372002
"BLL",2014-07-31,0.00333416571742412
"BLL",2015-02-05,0.00464012498244488
"BLL",2015-04-30,0.00184725613739586
"BLL",2015-07-31,0.00282425434104017
"BLL",2016-08-04,0.0035105994795526
"CL",2014-07-31,0.00250089141314051
"CL",2015-01-29,0.000209727313482011
"CL",2015-04-30,0.000511825594248005
"CL",2015-07-30,0.00256310769092115
"CL",2015-10-30,0.00445840230947865
"CL",2016-01-29,0.00346705052908061
"CL",2016-04-29,0.00429308804802149
"CL",2016-07-28,0.00497391280209128
"DUK",2014-08-07,-0.000407444331728374
"DUK",2014-11-05,-0.00236657593885818
"DUK",2015-02-18,-0.0054837448267936
"DUK",2015-08-06,-0.00256193838410604
"DUK",2015-11-05,-0.00382686382588404
"DUK",2016-05-03,-0.0011337415458913
"DUK",2016-08-04,-0.000228566543868672
"EIX",2014-08-02,0.00300380671326946
"EIX",2014-10-28,0.000171822957580919
"EIX",2015-02-24,0.00401706809335427
"EIX",2015-04-28,-0.00201825055679362
"EIX",2015-10-27,0.0123693875659723
"EIX",2016-02-23,0.00373529620174502
"EIX",2016-05-02,0.00451759137851836
"EIX",2016-07-30,0.00359791596154874
"KO",2014-07-22,-6.12474962317089e-05
"KO",2015-02-10,-0.0035379264178666
"KO",2015-07-22,-0.000940894755476651
"KO",2015-10-21,0.00062923955359398
"KO",2016-02-09,0.00395394416755354
"KO",2016-04-20,-0.000414024111320049
"KO",2016-07-27,0.00371204362675601
"AEE",2015-11-06,0.00808463723072692
"AEE",2016-02-19,0.005250848588361
"AEE",2016-05-11,0.000455422124255769
"AEE",2016-08-05,0.00467623847386726
"AES",2014-11-06,1.50699639712704e-05
"AES",2015-02-26,-0.00137210429013677
"AES",2015-05-11,0.000285034597010292
"AES",2015-11-06,0.00309959342295965
"AES",2016-02-24,-0.00214692718239903
"AES",2016-05-09,0.000976276682953719
"AES",2016-08-05,0.00519609740649178
"AES",2016-11-04,-0.000203014374722366
"AIV",2014-10-31,0.00390793340706345
"AIV",2015-02-06,0.000634184564596657
"AIV",2016-02-05,0.00155210982503673
"AIV",2016-04-30,0.00359906424367308
"AMT",2014-10-30,0.00566093461593914
"AMT",2015-04-30,0.00149860713139241
"AMT",2015-10-29,-0.00123339987705352
"AMT",2016-02-26,-0.000938614432825696
"AMT",2016-04-29,0.00159417815703683
"AMT",2016-10-27,-0.0010763593521035
"AOS",2014-10-21,-0.000758273820655561
"AOS",2015-04-24,0.00217428748533573
"AOS",2015-07-23,0.00686721533464982
"AOS",2015-10-21,0.00544574450321507
"AOS",2016-01-29,0.0040862614938489
"AOS",2016-04-27,0.00403642971407485
"AVB",2014-10-28,0.00797651746458437
"AVB",2015-04-28,0.00468602556192341
"AVB",2015-10-27,0.0058964038994309
"AVB",2016-04-29,0.00571862296895263
"AVB",2016-07-26,0.00575748055922821
"AVB",2016-10-25,0.00442443789423462
"AWK",2015-08-07,0.00197315945663418
"AWK",2016-02-25,0.00286406896986309
"AWK",2016-08-04,0.00358379598484511
"AWK",2016-11-03,0.00362191340061002
"BXP",2014-10-29,0.00581053861245642
"BXP",2015-01-30,0.00163519192670698
"BXP",2015-04-28,0.00409919882597155
"BXP",2015-08-01,0.00054600209770142
"BXP",2015-10-30,0.00755634556726245
"BXP",2016-02-04,0.00222572582968776
"BXP",2016-04-27,0.00135779560979728
"BXP",2016-07-27,0.00604252738291147
"BXP",2016-10-26,0.000388534166909121
"CNP",2015-02-26,0.00479062555309552
"CNP",2015-05-11,0.00660934696708648
"CNP",2015-08-10,0.00345915833725617
"CNP",2015-11-07,0.00761577015641028
"CNP",2016-02-26,0.00654338273526525
"CNP",2016-05-10,0.00675715319585989
"CNP",2016-08-05,0.00726051111223613
"CNP",2016-11-04,-0.0024293826003941
"LNT",2014-11-07,0.00253109573673427
"LNT",2015-02-24,0.0024789339072418
"LNT",2015-11-06,0.000561123061021379
"AMD",2014-07-17,0.00322647621453268
"AMD",2015-01-21,-0.00152840142578455
"AMD",2015-04-17,0.00536747648382203
"AMD",2015-10-16,0.00199245439393164
"AMD",2016-01-19,0.000524118302122262
"AMD",2016-04-21,0.00486354835852984
"ATVI",2014-08-05,-0.000947540117941112
"ATVI",2014-11-04,-0.00762634128125167
"ATVI",2015-02-05,-0.00222286835164147
"ATVI",2015-05-06,0.00348155572537066
"ATVI",2016-02-11,-0.000897026102234647
"ATVI",2016-05-05,0.000791694703408286
"CF",2014-11-06,0.00456441241173966
"CF",2015-05-07,0.00577382416457745
"CF",2015-08-06,0.00634887464319438
"CF",2015-11-05,0.00519862554285605
"CF",2016-02-18,0.0114217065364988
"CF",2016-05-05,0.00959993958328172
"CF",2016-08-04,0.0106049266641551
"CHRW",2014-10-29,-0.00156956502642537
"CHRW",2015-04-28,-0.00328746760698903
"CHRW",2015-07-29,-0.00105756901414991
"CHRW",2015-10-28,-0.0012156236732994
"CHRW",2016-04-27,-0.000271778527233119
"CHRW",2016-07-27,-0.000169938169548703
"CHRW",2016-10-26,-0.00149465603547881
"EL",2014-02-05,-0.00272925900725229
"EL",2014-05-02,-0.00197310759666214
"EL",2014-08-15,-0.00253369929386354
"EL",2015-05-05,0.000296837966955218
"EL",2015-08-18,-0.00143214556078643
"EL",2015-11-02,-0.000712749185874759
"EL",2016-02-05,0.00215431788132604
"EL",2016-05-03,-0.00105115924868432
"GOOG",2015-01-29,0.00271176680572814
"GOOG",2016-04-21,-0.000145782700453873
"MAT",2014-07-17,-0.00165078134551541
"MAT",2014-10-16,-0.00323552812700684
"MAT",2015-07-16,0.000144194313706936
"MAT",2015-10-15,-0.00327834321806453
"MAT",2016-02-01,0.00409110062839856
"MAT",2016-04-20,0.00239033319750216
"MAT",2016-07-20,0.000371172891512422
"T",2014-07-23,-0.00140196371485773
"T",2015-01-27,0.00193968564870471
"T",2016-01-27,-0.000476219883646725
"AAP",2012-05-17,-0.00366227131201668
"AAP",2012-08-09,0.00267099916328155
"AAP",2013-05-23,0.00340121700335445
"AAP",2013-08-08,-0.00327216169550121
"AAP",2013-10-31,0.000581893100016634
"ACN",2012-06-28,0.00125425333929521
"ACN",2012-12-19,-0.00426683281185022
"ACN",2013-03-28,-0.000738177568974263
"ACN",2013-06-27,-0.00127560293133989
"ACN",2013-09-26,0.000521490537629329
"ACN",2013-12-19,-0.000267661069776215
"ACN",2014-03-27,-0.000318295160554469
"ADM",2011-11-01,-0.00186186670650838
"ADM",2012-01-31,0.00277080956695056
"ALK",2012-07-26,9.87739243761415e-05
"ALK",2013-01-24,0.00339588031857564
"ALK",2013-04-25,-0.000401497468894063
"ALK",2013-07-26,0.001728483963892
"ALK",2013-10-24,0.00159960105839391
"AME",2012-01-26,0.000540313966019182
"AME",2012-04-26,0.00305602192926062
"AME",2012-10-23,0.00339909904882137
"AME",2013-01-24,-0.00224066427217626
"AME",2013-08-07,0.00458230399168225
"AME",2013-10-29,0.000768191580968622
"APC",2012-02-07,0.000409361067517225
"APC",2012-05-01,0.0078992256884453
"APC",2012-07-31,0.00359590549347091
"APC",2013-02-05,0.00423872462330745
"APC",2013-05-01,-0.00137236872509358
"APC",2013-07-30,-0.000444193166255047
"APC",2013-11-05,-0.000428706971830256
"AZO",2013-05-21,-0.00748227957371012
"AZO",2013-09-25,-0.00357768715536776
"AZO",2013-12-10,-0.000674894727380096
"A",2013-05-14,-4.09069830475117e-05
"A",2013-11-14,-0.00176472597314903
"A",2014-02-13,-0.00042934678735515
"BBY",2011-06-14,-0.00122501566248928
"BBY",2011-09-13,0.00198848530083774
"BBY",2011-12-13,-0.00332916289316723
"BBY",2012-03-29,-0.00221103155461304
"BBY",2012-08-21,-0.00333789000411228
"BBY",2012-11-20,-0.00323536479932901
"BBY",2013-05-21,-0.00568250622352526
"CBS",2012-02-15,0.00150739503911435
"CBS",2012-05-01,0.000831897383886573
"CBS",2012-11-07,-0.00239859337296994
"CBS",2013-02-14,-0.000449428955939038
"CBS",2013-05-01,0.00123595597614337
"CHD",2011-11-17,-0.00376413011753535
"CHD",2012-05-04,-0.00151292618500708
"CHD",2012-08-07,-0.00140241907713025
"CHD",2012-11-05,-0.000716700561374989
"CHD",2013-02-05,-0.00468381630276346
"CHD",2013-08-02,-0.000592952087814944
"CHD",2013-11-01,-0.00192806164300111
"CHD",2014-02-04,-0.00221000066874763
"CMCSA",2012-02-15,-0.00693468613448628
"CMCSA",2012-05-02,-0.0047313948990533
"CMCSA",2012-08-01,0.00360481545859229
"CMCSA",2012-10-26,0.00080783784960671
"CMCSA",2013-02-13,0.0109790671107632
"CMCSA",2013-10-30,0.00693729612196065
"COG",2012-02-21,-0.0014668551475441
"COG",2012-04-26,-0.00101515584032565
"COG",2012-10-26,-0.00230293978288994
"COG",2013-02-22,-0.000671492956249645
"COG",2013-04-25,0.000114424217117354
"COG",2013-07-25,0.000170367193068663
"COG",2013-10-25,0.00151935758434756
"CORT",2013-05-02,0.00682789436284335
"CORT",2013-08-08,0.00402293999980821
"CORT",2013-11-09,0.00813697975740761
"CXO",2012-11-08,0.00436483241063319
"CXO",2013-02-21,0.00565421417894264
"CXO",2013-05-02,0.00388084005990907
"CXO",2013-08-08,0.0030898596446826
"CXO",2013-11-07,0.00299530179343853
"FTNT",2012-02-01,0.0013227825271446
"FTNT",2012-07-26,0.000607881945196162
"FTNT",2012-10-17,-0.00321876000437793
"FTNT",2013-07-30,-0.00260211519800344
"FTNT",2013-10-23,-0.0015964687933466
"GOOGL",2012-01-19,-5.20564349388436e-05
"GOOGL",2012-04-12,-0.00255252452219795
"GOOGL",2012-10-18,-0.00510933126571238
"GOOGL",2013-01-22,-0.00174179378974751
"LOGM",2013-04-25,-0.00656334984427172
"LOGM",2013-07-25,-0.00293103356006151
"LOGM",2014-02-13,0.000835279107836762
"MTW",2012-02-01,0.0022934739716234
"MTW",2012-05-04,0.0010177269679798
"MTW",2012-11-05,0.00177350130832268
"MTW",2013-02-01,0.00251999778744162
"MTW",2013-05-01,0.0011521511102407
"MTW",2013-07-30,0.00120019533467441
"MTW",2013-10-25,0.000465185927445946
"MTW",2014-01-31,0.00361828907259502
"PPC",2012-10-26,0.00130740942822589
"PPC",2013-08-01,0.00126598500943075
"PPC",2013-10-31,0.00102098165469289
"TWI",2012-07-26,0.00126015323820436
"TWI",2013-02-26,0.00543553580209935
"TWI",2013-07-25,-0.000535876673482497
"TWI",2013-10-29,-0.000455488461150386
"TWI",2014-02-20,0.00280765747188176
"XEC",2012-02-15,0.000373167762431223
"XEC",2012-05-03,-0.000326399863642288
"XEC",2012-08-02,-0.00325270418119927
"XEC",2013-02-19,0.0028898310377288
"XEC",2013-05-07,0.00530685030978076
"XEC",2013-11-06,0.00166732639213933
"ABBV",2013-07-26,-0.00473901548677241
"ABBV",2013-10-25,0.00180980655774006
"ABMD",2012-11-01,-0.000579885635630953
"ABT",2012-01-25,-0.000545112016329688
"ABT",2013-04-17,0.00296957477206682
"ABT",2013-07-17,0.00417603580379114
"ABT",2013-10-16,0.00378987944069278
"ABT",2014-01-22,0.00319274128749833
"ADBE",2011-09-20,-0.00307378672281161
"ADBE",2011-12-15,0.00064237361734823
"ADBE",2012-03-19,-0.00373746762578103
"ADBE",2012-06-19,0.000929653828490112
"ADBE",2012-09-19,-0.00241018783237608
"ADBE",2013-06-18,-0.00403743600648442
"ADBE",2013-09-17,-0.000925463369307641
"ADM",2013-05-01,0.000240345429936409
"AFL",2011-07-28,0.00642013674964291
"AFL",2012-04-25,0.00519508505056994
"AFL",2012-07-25,-0.00301633296837256
"AFL",2013-07-31,0.00134315549557126
"AKAM",2012-10-24,-0.000726794091875774
"AKAM",2013-04-24,-0.00232160875817254
"AKAM",2013-07-24,-0.000341346710567098
"AKAM",2013-10-23,-0.00679371302020411
"ALB",2011-10-25,0.000612110260109489
"ALB",2012-04-19,0.000822136972405046
"ALB",2013-04-18,0.00147910341498901
"ALB",2013-10-17,0.00125181612556521
"ALL",2011-08-01,0.00114521100613629
"ALL",2012-02-02,0.00287425877547123
"ALL",2012-05-03,0.000520765754398467
"ALL",2012-08-01,0.000311421598414366
"ALL",2013-02-07,0.00182102102085462
"ALL",2013-05-02,0.00251926112791571
"AME",2014-01-29,0.000657455175444729
"AMG",2011-10-26,-0.000855862767867893
"AMG",2012-01-31,0.00164368552047074
"AMG",2012-07-31,0.00878387937255339
"AMG",2012-10-31,0.00322820104169626
"AMG",2013-04-30,0.000197332024130831
"AMG",2013-07-30,-0.00406229162175312
"AON",2012-02-03,-0.00119298367764081
"AON",2012-07-27,0.000448970030427126
"AON",2012-10-26,-0.000436342809674958
"AON",2013-02-01,6.90390110114347e-05
"AON",2013-04-26,-0.0043910320206986
"AON",2013-07-26,-0.00273016781909326
"AON",2013-10-25,-0.00192792180286305
"AVY",2012-07-24,-4.4319883676619e-05
"AVY",2012-10-24,0.001795028963075
"AVY",2013-01-30,2.08117729613988e-05
"AVY",2013-07-23,0.0017944396190453
"AVY",2013-10-25,-0.00226280228657905
"AVY",2014-01-31,-0.00255064338033957
"AZO",2012-05-22,-0.00416103289915883
"AZO",2012-09-19,-0.00234597999381821
"AZO",2012-12-04,-0.00278761075945373
"AZO",2013-02-26,-0.0057689926078327
"BBY",2012-03-29,-0.00221103155461304
"BBY",2012-05-22,0.00103785797956048
"BBY",2013-05-21,-0.00568250622352526
"CMCSA",2012-05-02,-0.0047313948990533
"CMCSA",2012-08-01,0.00360481545859229
"CMCSA",2012-10-26,0.00080783784960671
"CMCSA",2013-02-13,0.0109790671107632
"CMCSA",2013-07-31,-0.00234097671012624
"CMCSA",2013-10-30,0.00693729612196065
"CXO",2012-02-23,-0.00382737400669383
"GOOGL",2012-04-12,-0.00255252452219795
"GOOGL",2012-10-18,-0.00510933126571238
"GOOGL",2013-01-22,-0.00174179378974751
"GOOGL",2013-04-18,-0.00513930052232767
"GOOGL",2013-07-18,-0.00367708283198644
"AMD",2012-01-24,-0.00351952991554469
"AMD",2012-07-19,-0.00030370978855665
"AMD",2012-10-18,0.00165974876332564
"AMD",2013-01-22,0.00221020506270087
"AMD",2013-04-18,0.000611519464069538
"AMD",2013-07-18,0.00357148907313239
"AMD",2013-10-17,0.00259363337203986
"AMD",2014-01-21,-0.00227543748435476
"ARE",2012-05-02,-0.00120559442491716
"ARE",2012-07-31,-0.000373233816106266
"ARE",2012-10-29,0.000974804187338044
"ARE",2013-02-07,0.00185495748751241
"ARE",2013-10-29,0.000334819786756008
"ARE",2014-02-04,-0.00291039879908869
"ARE",2014-05-06,-0.00196953976786435
"ATVI",2012-02-09,-0.0117809547613244
"ATVI",2012-11-07,-0.0046554066889814
"ATVI",2013-05-08,0.000293111850167727
"ATVI",2013-08-01,0.00272863276316598
"BLL",2012-01-26,0.00277419716121731
"BLL",2012-04-26,0.00344740418711943
"BLL",2012-10-25,0.000325588393511447
"BLL",2013-01-31,0.00303871569859072
"BLL",2013-07-25,0.00469079025115185
"BLL",2013-10-24,0.00288832542265877
"BLL",2014-01-30,0.00199212742362945
"CF",2012-05-04,0.00127351548980832
"CF",2012-08-08,0.00202056474754385
"CF",2013-05-09,0.00589824251909349
"CF",2013-08-07,0.000784331431757115
"CF",2013-11-05,-0.000449866071337179
"CF",2014-02-19,0.00230923466310003
"CL",2012-01-26,-0.000415300655868561
"CL",2012-04-26,-0.000830828234990533
"CL",2012-07-26,0.000286999353913131
"CL",2012-10-25,0.00185737966009686
"CL",2013-01-31,0.00108615722539458
"CL",2013-04-25,0.00121914366703584
"CL",2013-07-25,0.000331590050432803
"CL",2013-10-24,-0.00106021014094497
"CL",2014-01-30,0.0011133123648874
"DUK",2012-08-02,-0.00225568582629716
"DUK",2012-11-08,-0.00365816200929062
"DUK",2013-02-13,0.00154662866868016
"DUK",2013-05-03,0.00234889686441041
"DUK",2013-08-07,-0.00208364517680587
"DUK",2013-11-06,-0.00584974270592079
"DUK",2014-02-18,-0.000618613916103766
"EIX",2012-02-29,0.00410124722721066
"EIX",2012-05-02,0.00103171035690577
"EIX",2012-07-31,0.00232179417617354
"EIX",2012-11-01,0.00686404552689024
"EIX",2013-02-26,-0.00369538317324844
"EIX",2013-04-30,0.00206181517621808
"EIX",2013-08-01,0.00167423103118219
"EIX",2013-10-29,0.00216772414229237
"EIX",2014-02-25,0.00270524335827206
"EL",2011-08-15,-0.00196704497474447
"EL",2011-11-03,-0.00249658755121637
"EL",2012-05-04,-0.000996354916209086
"EL",2012-11-01,-0.0071151393917098
"EL",2013-02-05,-0.00270404873824273
"EL",2013-05-02,-0.0020419069152324
"EL",2013-08-15,-0.00297196220259015
"KO",2012-04-17,-0.00185888397905325
"KO",2012-10-16,-0.00518768421927591
"KO",2013-02-12,-0.00740895987768313
"KO",2013-04-16,-0.00172292493415159
"KO",2013-10-15,-0.00113032864847366
"KO",2014-02-18,-0.00741636864663429
